ID,Name
1, Olivia
2, Sophia
3, Amelia
4, Lily
5, Ava
6, Emily
7, Ella
8, Isla
9, Mia
10, Aria
11, Grace
12, Isabella
13, Isabelle
14, Sophie
15, Charlotte
16, Evie
17, Poppy
18, Ivy
19, Elsie
20, Alice
21, Daisy
22, Chloe
23, Freya
24, Sienna
25, Eva
26, Evelyn
27, Harper
28, Willow
29, Florence
30, Maya
31, Rosie
32, Phoebe
33, Hannah
34, Matilda
35, Emma
36, Ruby
37, Layla
38, Millie
39, Mila
40, Jessica
41, Emilia
42, Adanew!
43, Lucy
44, Zoe
45, Ellie
46, Maisie
47, Sarah
48, Luna
49, Abigail
50, Scarlett
51, Thea
52, Penelope
53, Eliza
54, Lola
55, Maryam
56, Bella
57, Erin
58, Imogen
59, Darcie
60, Amber
61, Anna
62, Zara
63, Annabelle
64, Violet
65, Holly
66, Harriet
67, Molly
68, Georgia
69, Aaliyahnew!
70, Gracie
71, Eleanor
72, Esme
73, Aurora
74, Lyla
75, Clara
76, Ayla
77, Maria
78, Aishanew!
79, Bonnienew!
80, Lottie
81, Rose
82, Lara
83, Kiaranew!
84, Elizabeth
85, Arabella
86, Heidi
87, Amelie
88, Jasmine
89, Irisnew!
90, Orla
91, Summer
92, Robyn
93, Lexi
94, Fatima
95, Martha
96, Victorianew!
97, Nancy
98, Elenanew!
99, Felicity
100, Edennew!
100. Edennew!,
